strategy,cumulative_return,annualized_return,annualized_volatility,sharpe_ratio,max_drawdown,period,arm,seed
with_sentiment_seed0,1.4365361568573474,1.5376188606370311,0.4782550250293721,2.1898199217817784,-0.32816015125838494,2020_volatile,with_sentiment,0
with_sentiment_seed1,1.7999967278832547,1.9347235920185986,0.47340348360986617,2.512672700024826,-0.26663727375375645,2020_volatile,with_sentiment,1
with_sentiment_seed2,1.8848722827164313,2.0278072164546384,0.4627579073612915,2.6264802159576193,-0.25103191270613956,2020_volatile,with_sentiment,2
with_sentiment_seed3,1.4510920192479269,1.5534726858636603,0.47967514632622293,2.197082748559027,-0.2949352363060768,2020_volatile,with_sentiment,3
with_sentiment_seed4,0.9840587694345593,1.047084921507608,0.4166623788053248,1.9304152815925069,-0.2839113101984022,2020_volatile,with_sentiment,4
with_sentiment_seed5,1.899602794916846,2.043975112132836,0.4767152929289994,2.574524586565413,-0.2572445008294059,2020_volatile,with_sentiment,5
with_sentiment_seed6,1.2735074382981648,1.3603539173294745,0.45097843080768574,2.131473804338824,-0.217138032695912,2020_volatile,with_sentiment,6
with_sentiment_seed7,1.616979823052759,1.7344507193247685,0.532570243295906,2.1553217692484075,-0.22948643589441042,2020_volatile,with_sentiment,7
with_sentiment_seed8,1.873122383953267,2.0149134788061636,0.49638922092663196,2.474282377424617,-0.28548376649779694,2020_volatile,with_sentiment,8
with_sentiment_seed9,2.457377573057089,2.6587852021088114,0.5148171329924386,2.7797886310276434,-0.22134457495885948,2020_volatile,with_sentiment,9
with_sentiment_seed10,0.5924320605231062,0.6266106443060022,0.4626426437534621,1.2825454241592533,-0.30887396894826585,2020_volatile,with_sentiment,10
with_sentiment_seed11,1.6779880598209846,1.8011422983027234,0.4761425430533568,2.403151044985036,-0.2925598731189473,2020_volatile,with_sentiment,11
with_sentiment_seed12,2.61380082699172,2.832052577573731,0.47951245712644736,3.0460309745746956,-0.2912114076928459,2020_volatile,with_sentiment,12
with_sentiment_seed13,1.4214026258521466,1.5211404388157037,0.48605458138772256,2.1452112331363438,-0.23926682341816338,2020_volatile,with_sentiment,13
with_sentiment_seed14,0.5088878711515157,0.537486938496218,0.4100035852489926,1.25676556225358,-0.3363417227007577,2020_volatile,with_sentiment,14
with_sentiment_seed15,1.0304300694184967,1.0971395196188802,0.47688081596057613,1.7940027978740811,-0.2786165125751111,2020_volatile,with_sentiment,15
with_sentiment_seed16,1.4652057207780733,1.5688490264596848,0.4316187488417962,2.4040745200873572,-0.238044933846872,2020_volatile,with_sentiment,16
with_sentiment_seed17,0.8967538389271263,0.9529911226042058,0.44690101086218104,1.7227221438017748,-0.3098233005691198,2020_volatile,with_sentiment,17
with_sentiment_seed18,1.1476344376174286,1.2238837270467333,0.42990915299150745,2.0775454030437275,-0.3196470159691691,2020_volatile,with_sentiment,18
with_sentiment_seed19,0.885194255139059,0.9405472811870066,0.4552879815802042,1.681631019340225,-0.2855223449862579,2020_volatile,with_sentiment,19
with_sentiment_seed20,1.111757352131292,1.1850520738571246,0.5903339744124609,1.6221077883813844,-0.37554032723102876,2020_volatile,with_sentiment,20
with_sentiment_seed21,0.29153496813206936,0.30670455521410545,0.44308594466927564,0.8254330459202068,-0.26960542045764957,2020_volatile,with_sentiment,21
with_sentiment_seed22,1.2284937006395298,1.3115098532479212,0.45968513938171657,2.054938672660587,-0.2749844597524041,2020_volatile,with_sentiment,22
with_sentiment_seed23,2.1696383325898,2.341006907792407,0.5027797326079999,2.654369167295448,-0.2952949108078529,2020_volatile,with_sentiment,23
with_sentiment_seed24,2.1249753243717566,2.291796289619577,0.49493365869067907,2.6593120194162765,-0.3086215967304029,2020_volatile,with_sentiment,24
with_sentiment_seed25,1.3759816678756907,1.4717113345609167,0.5265540420517343,1.98124271094443,-0.20455986130766698,2020_volatile,with_sentiment,25
with_sentiment_seed26,0.7860706987399435,0.8339863302604709,0.3903448655173956,1.7498080670488143,-0.21507113394751676,2020_volatile,with_sentiment,26
with_sentiment_seed27,1.4630898831709458,1.566543645322232,0.42073579266363414,2.4542920883515715,-0.27919934317850503,2020_volatile,with_sentiment,27
with_sentiment_seed28,1.3819441206054681,1.4781974991124556,0.49921416047990436,2.0686809356178313,-0.3246156438337031,2020_volatile,with_sentiment,28
with_sentiment_seed29,1.8390289213217197,1.9775147135202005,0.46536555296339094,2.579410449289662,-0.29007841572967114,2020_volatile,with_sentiment,29
with_sentiment_seed30,0.9675236185607625,1.0292492215043736,0.46464824968550256,1.7568216088109876,-0.3392092561476529,2020_volatile,with_sentiment,30
with_sentiment_seed31,1.437805200099041,1.5390008942733915,0.4706859006400872,2.2161087439858935,-0.31086504956075556,2020_volatile,with_sentiment,31
with_sentiment_seed32,1.5342340545558257,1.6441102549908098,0.48951125006433993,2.232256069472581,-0.28974255185356274,2020_volatile,with_sentiment,32
with_sentiment_seed33,0.9004330368671136,0.9569524903582158,0.4660516825969524,1.6737207395415006,-0.2726328674922994,2020_volatile,with_sentiment,33
with_sentiment_seed34,2.275116528668222,2.4573498710490385,0.49654103630022584,2.747922917381563,-0.2535042347691349,2020_volatile,with_sentiment,34
with_sentiment_seed35,1.435195260053895,1.5361586115907437,0.4836791396665652,2.167880687031517,-0.2675361719334104,2020_volatile,with_sentiment,35
with_sentiment_seed36,1.350862809964621,1.4443943408823432,0.45564806852909534,2.1925082993376503,-0.28260072737108644,2020_volatile,with_sentiment,36
with_sentiment_seed37,1.5217303901272858,1.630470559811609,0.4644582973565081,2.3190875543624365,-0.31918169758299975,2020_volatile,with_sentiment,37
with_sentiment_seed38,1.422377920487345,1.5222022648137181,0.5215454895792369,2.0341013990487355,-0.2211592902928132,2020_volatile,with_sentiment,38
with_sentiment_seed39,1.5140591859435117,1.6221039088191165,0.528141348420332,2.0926692305677315,-0.28392911542168436,2020_volatile,with_sentiment,39
with_sentiment_seed40,1.7310102168339494,1.8591602501142304,0.4615627780828398,2.5110273960717855,-0.26909572581165503,2020_volatile,with_sentiment,40
with_sentiment_seed41,1.454463072607199,1.5571449537169397,0.4676506017685387,2.2442489608277314,-0.25173918088012803,2020_volatile,with_sentiment,41
with_sentiment_seed42,1.7651765953101548,1.8965731270602864,0.5203599015542432,2.306872569614902,-0.314502369456313,2020_volatile,with_sentiment,42
with_sentiment_seed43,2.454334738241889,2.65541820105103,0.5113558394181551,2.7930422355307054,-0.2783481236784605,2020_volatile,with_sentiment,43
with_sentiment_seed44,1.7566396569087153,1.8872230187752534,0.4370318960532558,2.644872582052273,-0.26785831966285256,2020_volatile,with_sentiment,44
with_sentiment_seed45,2.7765185041828353,3.0126557086149406,0.4610811917181861,3.2471995755892293,-0.19276451457453023,2020_volatile,with_sentiment,45
with_sentiment_seed46,1.1514278343720004,1.2279912592822106,0.47975856697104147,1.9123393597329443,-0.2424229471292301,2020_volatile,with_sentiment,46
with_sentiment_seed47,1.6941119900500015,1.8187799393829858,0.5043674780698947,2.30830041228749,-0.28073789784313463,2020_volatile,with_sentiment,47
with_sentiment_seed48,3.2382528930136276,3.527032930047535,0.5216517392941789,3.1609404102841716,-0.2866943124621774,2020_volatile,with_sentiment,48
with_sentiment_seed49,2.6135908948121704,2.8318198064070286,0.48654897011076764,3.00951522382104,-0.2488662064226426,2020_volatile,with_sentiment,49
with_sentiment_seed50,1.5159969965405629,1.6242172852642316,0.4831331725241774,2.2411293410953106,-0.291924262344693,2020_volatile,with_sentiment,50
with_sentiment_seed51,0.47715843269125124,0.5036967609101162,0.47724371861772186,1.0976925411303702,-0.37974130410009316,2020_volatile,with_sentiment,51
with_sentiment_seed52,0.9882284114627835,1.0515835943579837,0.45772703949957144,1.801303861301178,-0.2691797386597434,2020_volatile,with_sentiment,52
with_sentiment_seed53,1.7053768235910707,1.831105173829053,0.5149764425876546,2.2798053711566895,-0.3025269028128979,2020_volatile,with_sentiment,53
with_sentiment_seed54,1.5704781223458135,1.683664614442535,0.47210029324665254,2.3284013761562523,-0.2918600160125035,2020_volatile,with_sentiment,54
with_sentiment_seed55,1.790337628783731,1.924138477283487,0.47463462418448626,2.5024884718796767,-0.2632982325049526,2020_volatile,with_sentiment,55
with_sentiment_seed56,1.6934784870831132,1.8180868721798142,0.47327091459723003,2.429385258615306,-0.23224871395239252,2020_volatile,with_sentiment,56
with_sentiment_seed57,1.739592893041063,1.8685564557977479,0.4633258621652648,2.509698997890835,-0.19514788404093497,2020_volatile,with_sentiment,57
with_sentiment_seed58,1.2272993492685877,1.310214480858249,0.4971613579355548,1.9343086317537825,-0.32547640910436076,2020_volatile,with_sentiment,58
with_sentiment_seed59,1.5707538367232572,1.6839656087642614,0.4794729959064924,2.298846565408443,-0.23059382479924964,2020_volatile,with_sentiment,59
with_sentiment_seed60,1.5174585150414721,1.6258112666491842,0.46792461401010293,2.29881647613586,-0.24499985456553794,2020_volatile,with_sentiment,60
with_sentiment_seed61,0.8255139210895421,0.8763575179483254,0.43087897253548885,1.6783273435687798,-0.28197454008662004,2020_volatile,with_sentiment,61
with_sentiment_seed62,1.7292123974066254,1.8571921906613889,0.4839772461729351,2.4157112951574446,-0.3639732550983281,2020_volatile,with_sentiment,62
with_sentiment_seed63,3.1326681261648295,3.4091739755144213,0.499805904658683,3.2253178604530457,-0.2391682122870269,2020_volatile,with_sentiment,63
with_sentiment_seed64,0.24558123107053564,0.25812889528812444,0.41274825244846414,0.7646489037980518,-0.36324730234576497,2020_volatile,with_sentiment,64
with_sentiment_seed65,2.1419168179329406,2.310459020296484,0.5076628677629152,2.614950482707405,-0.2814480250729913,2020_volatile,with_sentiment,65
with_sentiment_seed66,0.8442603687622585,0.8965102700308449,0.5021916642667771,1.5273664431473004,-0.329444588132755,2020_volatile,with_sentiment,66
with_sentiment_seed67,1.7937668335943995,1.927896248000978,0.45890328802312486,2.5710859076109993,-0.22699000079178627,2020_volatile,with_sentiment,67
with_sentiment_seed68,0.7322346717821582,0.7762230046718595,0.42028018919944343,1.5794769968016529,-0.3212009397973137,2020_volatile,with_sentiment,68
no_sentiment_seed0,2.3059763568562683,2.491421011951643,0.48350015071893554,2.8293084946880334,-0.22230556970417195,2020_volatile,no_sentiment,0
no_sentiment_seed1,0.7683711159799904,0.8149866875375129,0.4305084441155464,1.6035590944894995,-0.28132336424513166,2020_volatile,no_sentiment,1
no_sentiment_seed2,1.0259178804948061,1.092266613779477,0.4880064828486931,1.7582230590386903,-0.35721518355990367,2020_volatile,no_sentiment,2
no_sentiment_seed3,0.7840840503170607,0.8318533298686923,0.3922599260299431,1.7398235155432933,-0.22744702167310363,2020_volatile,no_sentiment,3
no_sentiment_seed4,1.0134904236575166,1.0788482355974356,0.48403330094333435,1.7543041630592282,-0.28846628739881786,2020_volatile,no_sentiment,4
no_sentiment_seed5,1.2317724773341485,1.315066119359643,0.4969332806332832,1.9362650570512474,-0.2244266964993938,2020_volatile,no_sentiment,5
no_sentiment_seed6,2.8807472876400095,3.1285287848998493,0.5088157704235522,3.045286847915662,-0.25753189977667984,2020_volatile,no_sentiment,6
no_sentiment_seed7,1.269096311244804,1.3555654715933652,0.5276914730923561,1.8917486405045,-0.3466118859332003,2020_volatile,no_sentiment,7
no_sentiment_seed8,0.7411571397629384,0.7857907636144217,0.45819271046266596,1.4974002281469587,-0.2851850840960663,2020_volatile,no_sentiment,8
no_sentiment_seed9,1.118594833783635,1.1924503324206932,0.5653155960330446,1.6724539594787915,-0.3334156166446658,2020_volatile,no_sentiment,9
no_sentiment_seed10,2.767100205165147,3.0021923402298745,0.49522370400064064,3.0509127435633157,-0.2787206781924049,2020_volatile,no_sentiment,10
no_sentiment_seed11,1.3507083833833944,1.44422644158136,0.45474230679377864,2.195200600349385,-0.20402744117572974,2020_volatile,no_sentiment,11
no_sentiment_seed12,0.7228089198891798,0.7661180065394195,0.4344543431144119,1.5289356965201997,-0.34181515453774663,2020_volatile,no_sentiment,12
no_sentiment_seed13,1.1742180054607037,1.252675649852124,0.44519372023803006,2.0491065501255212,-0.28346135969821773,2020_volatile,no_sentiment,13
no_sentiment_seed14,1.8295249530812505,1.9670929945409337,0.4745775750360555,2.5313482729232946,-0.23976508809993594,2020_volatile,no_sentiment,14
no_sentiment_seed15,1.5909572653847222,1.7060254672477444,0.45323408632292816,2.426348269621481,-0.24826353218559352,2020_volatile,no_sentiment,15
no_sentiment_seed16,1.7821989889178682,1.9152208858063111,0.4510769837462632,2.5995694880547013,-0.2470414453114192,2020_volatile,no_sentiment,16
no_sentiment_seed17,1.0364630825642025,1.103655600680455,0.4503339326593144,1.8790117798654085,-0.278336350976248,2020_volatile,no_sentiment,17
no_sentiment_seed18,1.032187042897183,1.0990370842027577,0.4215522834560165,1.971364766972602,-0.28498021679118046,2020_volatile,no_sentiment,18
no_sentiment_seed19,1.9307283730723737,2.0781501914009106,0.4755063829628996,2.6029216965433704,-0.2439638936607484,2020_volatile,no_sentiment,19
no_sentiment_seed20,1.1862248592813525,1.265685219564633,0.4607194004264667,2.010253336501643,-0.29561146197023636,2020_volatile,no_sentiment,20
no_sentiment_seed21,0.6162355978391012,0.6520434998250682,0.3787186476657432,1.5167187993342268,-0.26265266362388906,2020_volatile,no_sentiment,21
no_sentiment_seed22,0.5658192284125132,0.5981967518872489,0.4432306393350084,1.2803101347197654,-0.2772847928453767,2020_volatile,no_sentiment,22
no_sentiment_seed23,1.624671484181711,1.7428550371861107,0.4683223561964808,2.3928964446914995,-0.24135395518027425,2020_volatile,no_sentiment,23
no_sentiment_seed24,1.2870827089207486,1.3750930458803112,0.5084874687600425,1.9569035356333488,-0.3119684796620054,2020_volatile,no_sentiment,24
no_sentiment_seed25,2.714685554767118,2.943983568509096,0.5135450659437916,2.933944392830769,-0.3490096654747505,2020_volatile,no_sentiment,25
no_sentiment_seed26,2.5363662818652517,2.7462359177675855,0.48926433601358105,2.9472449835007986,-0.24690784284099218,2020_volatile,no_sentiment,26
no_sentiment_seed27,2.6579642149526292,2.881034267597075,0.5080602669935373,2.9256020159249467,-0.2048175288133167,2020_volatile,no_sentiment,27
no_sentiment_seed28,1.3404357213574616,1.4330586884566694,0.44081009182547826,2.2400670892866934,-0.24746404006877823,2020_volatile,no_sentiment,28
no_sentiment_seed29,2.0367950843561564,2.19473214746096,0.4492020367255941,2.8141826083926214,-0.19960308982927674,2020_volatile,no_sentiment,29
no_sentiment_seed30,1.2222416302226988,1.3047293197589425,0.5114436085330895,1.8882910200834422,-0.30605342751913184,2020_volatile,no_sentiment,30
no_sentiment_seed31,1.6498766618402825,1.7704034158267192,0.4741941183884598,2.388864955569193,-0.3446564669587544,2020_volatile,no_sentiment,31
no_sentiment_seed32,1.4650169852046333,1.568643379677375,0.4532776690013205,2.3091070149051207,-0.24713976573964544,2020_volatile,no_sentiment,32
no_sentiment_seed33,2.5510359971199947,2.762487068669722,0.4418711832342056,3.2251422566441192,-0.22485909052993105,2020_volatile,no_sentiment,33
no_sentiment_seed34,1.6021673783335069,1.7182690335590625,0.5136038068286242,2.205729142053595,-0.32481108078341053,2020_volatile,no_sentiment,34
no_sentiment_seed35,2.0642331212040017,2.2249208732290917,0.45318263243046697,2.8164622322832846,-0.2798831709720044,2020_volatile,no_sentiment,35
no_sentiment_seed36,1.3589931432629916,1.453234703317026,0.5056629023793535,2.028933956195659,-0.29176902909775554,2020_volatile,no_sentiment,36
no_sentiment_seed37,1.7404348914186971,1.8694783374456785,0.46383797512621827,2.507803298250531,-0.24470903348324774,2020_volatile,no_sentiment,37
no_sentiment_seed38,0.9375475446900523,0.9969329003408878,0.5170562105984701,1.597915279437119,-0.32162383817900414,2020_volatile,no_sentiment,38
no_sentiment_seed39,1.4865756835083626,1.5921384291448706,0.5105920999774146,2.1261716663127648,-0.3321258222228327,2020_volatile,no_sentiment,39
no_sentiment_seed40,2.8668063310427856,3.1130220493440826,0.49670539161325145,3.0998705317176514,-0.25293116117413583,2020_volatile,no_sentiment,40
no_sentiment_seed41,0.5833938022168961,0.6169582604441095,0.3957777932996333,1.4128411597542425,-0.2964936587365489,2020_volatile,no_sentiment,41
no_sentiment_seed42,1.3997064967031263,1.4975244184274041,0.4227843321900614,2.3779844269255026,-0.21976479786443906,2020_volatile,no_sentiment,42
no_sentiment_seed43,1.1731590682185624,1.2515284357702017,0.48114437569521584,1.9333859066632246,-0.3556714144650761,2020_volatile,no_sentiment,43
no_sentiment_seed44,0.9052394694819543,0.9621280713947238,0.4536253059322103,1.7147854199154318,-0.23523574515908235,2020_volatile,no_sentiment,44
no_sentiment_seed45,1.8199124502099107,1.9565538853964939,0.47903232610046054,2.5039271263320684,-0.2970087191285949,2020_volatile,no_sentiment,45
no_sentiment_seed46,1.4211081592986798,1.5208198500528622,0.4949558544109335,2.12096909926565,-0.3627054726512697,2020_volatile,no_sentiment,46
no_sentiment_seed47,2.2823411676940433,2.465325006584478,0.49106180308364605,2.779595555417087,-0.26981936398163586,2020_volatile,no_sentiment,47
no_sentiment_seed48,1.8071983703121788,1.942616739224797,0.47988841125471143,2.4899623597540836,-0.25430922003258655,2020_volatile,no_sentiment,48
no_sentiment_seed49,0.5323741600033658,0.5625195321868983,0.38932769854817983,1.342608079135483,-0.25809936019307306,2020_volatile,no_sentiment,49
no_sentiment_seed50,2.3892586656072146,2.5834418882368753,0.484639285475503,2.879983640141516,-0.2616050755623777,2020_volatile,no_sentiment,50
no_sentiment_seed51,1.6589953069659589,1.780372728886849,0.479125060349414,2.3755886340128254,-0.28591624795402965,2020_volatile,no_sentiment,51
no_sentiment_seed52,2.1994657881371813,2.3738890686386847,0.5092306105992973,2.647979228007857,-0.30871874439566765,2020_volatile,no_sentiment,52
no_sentiment_seed53,1.681955062061232,1.8054812733641037,0.48355847626688664,2.377131666230452,-0.2896129928170155,2020_volatile,no_sentiment,53
no_sentiment_seed54,1.6425340223843592,1.7623769277109336,0.48474829728196545,2.3393404795281176,-0.23896740468530606,2020_volatile,no_sentiment,54
no_sentiment_seed55,2.6319924771958325,2.852225678036195,0.47470707830002806,3.0819759305599064,-0.24170416491939598,2020_volatile,no_sentiment,55
no_sentiment_seed56,1.9414561346199912,2.0899328442802654,0.4910472977237121,2.545254788631735,-0.2668436640733423,2020_volatile,no_sentiment,56
no_sentiment_seed57,1.5202230809214767,1.6288265109618272,0.4380884819178423,2.4279668201056155,-0.2597748572813233,2020_volatile,no_sentiment,57
no_sentiment_seed58,1.4116279921833512,1.5104996467945262,0.4762782973981341,2.1714910573855555,-0.2884684308807658,2020_volatile,no_sentiment,58
no_sentiment_seed59,1.047376351390961,1.115444940097591,0.4789901911480477,1.8055914911535622,-0.3591753091153707,2020_volatile,no_sentiment,59
no_sentiment_seed60,2.2496118478995113,2.429202192536933,0.49284065003090255,2.7493323628523734,-0.26367260108867546,2020_volatile,no_sentiment,60
no_sentiment_seed61,0.4696222359916382,0.49567595035430023,0.4599233686326737,1.1033088501890906,-0.3262615750916543,2020_volatile,no_sentiment,61
no_sentiment_seed62,2.5316035854684276,2.740960450603834,0.5237506870885301,2.78573091299733,-0.2757565064600596,2020_volatile,no_sentiment,62
no_sentiment_seed63,1.7354980053787,1.8640732565665377,0.4904960266157994,2.3929591136997277,-0.3025060691330785,2020_volatile,no_sentiment,63
no_sentiment_seed64,1.4365547433591757,1.5376391017675646,0.53483628280163,2.0086354050578885,-0.31547174957517526,2020_volatile,no_sentiment,64
no_sentiment_seed65,3.0287595715084112,3.293320193836051,0.5105463956908552,3.1135891163643934,-0.26288344074706993,2020_volatile,no_sentiment,65
no_sentiment_seed66,0.22134559251676267,0.2325432160361025,0.39191955881761636,0.7297746067168843,-0.30870800584745667,2020_volatile,no_sentiment,66
no_sentiment_seed67,1.8334239783133008,1.9713683361857046,0.4837861857440361,2.4973413248400833,-0.23703670544292835,2020_volatile,no_sentiment,67
no_sentiment_seed68,0.3941477016482371,0.41545313692372776,0.4247156046732752,1.0322071158675048,-0.30343627558582886,2020_volatile,no_sentiment,68
with_sentiment_seed0,1.28918859716432,1.3859737022258432,0.25596401794397183,3.5298526339432237,-0.0801893317662863,2019_calm,with_sentiment,0
with_sentiment_seed1,0.9841945709643045,1.0533523040118546,0.23836744863144638,3.140522782760263,-0.14812325601936716,2019_calm,with_sentiment,1
with_sentiment_seed2,1.2280597259232349,1.319119725717012,0.24845093613591088,3.514486168120682,-0.1607663825807657,2019_calm,with_sentiment,2
with_sentiment_seed3,1.11933042508254,1.2004353158915397,0.23933220740545344,3.4195261166426376,-0.15625378063282908,2019_calm,with_sentiment,3
with_sentiment_seed4,0.6762853104195425,0.7201461042429358,0.22500612487404154,2.525441161302553,-0.1492702988428079,2019_calm,with_sentiment,4
with_sentiment_seed5,1.4475890178115849,1.5596195622670308,0.25856100154743694,3.7692885221071544,-0.14356065194705236,2019_calm,with_sentiment,5
with_sentiment_seed6,0.9080543863486636,0.9706989580140049,0.24236540388713865,2.9228499258867466,-0.1299451812372451,2019_calm,with_sentiment,6
with_sentiment_seed7,1.6858783159876443,1.821893698073831,0.27500892455403153,3.9166491549110116,-0.17648343185369414,2019_calm,with_sentiment,7
with_sentiment_seed8,1.3182997349744459,1.41784282097362,0.2563688011905275,3.576415701494936,-0.11787894579687001,2019_calm,with_sentiment,8
with_sentiment_seed9,1.5835628508569268,1.7091308558595966,0.25501545056492286,4.042356171894128,-0.10855834720464538,2019_calm,with_sentiment,9
with_sentiment_seed10,0.6620857168056535,0.7048496637172543,0.21846650655858102,2.553564719535934,-0.12554437089113138,2019_calm,with_sentiment,10
with_sentiment_seed11,1.5742980971840872,1.6989309738803362,0.2559738756148789,4.012988701808123,-0.1064812238568382,2019_calm,with_sentiment,11
with_sentiment_seed12,1.6453044265717551,1.777150665125745,0.2612207734931673,4.047389331362688,-0.13592353320295902,2019_calm,with_sentiment,12
with_sentiment_seed13,1.240392219544777,1.3325999316614383,0.2591899429160062,3.401625460913353,-0.11302220105110755,2019_calm,with_sentiment,13
with_sentiment_seed14,0.627942401983177,0.6680957922668487,0.21468549118194538,2.4918742055166083,-0.12129929243857702,2019_calm,with_sentiment,14
with_sentiment_seed15,0.8182614021173322,0.8734371830828538,0.23240448179908058,2.8199868883393067,-0.13533242792730515,2019_calm,with_sentiment,15
with_sentiment_seed16,1.0958371578168467,1.174830488403659,0.2360780964901994,3.4132501926370744,-0.16760345165088597,2019_calm,with_sentiment,16
with_sentiment_seed17,0.6281658606361391,0.6683362118930256,0.23755032321535693,2.2737539483343947,-0.1681274306098991,2019_calm,with_sentiment,17
with_sentiment_seed18,0.718694012884298,0.7658690396692152,0.21824984869041053,2.7175251991066314,-0.11839280620834246,2019_calm,with_sentiment,18
with_sentiment_seed19,0.6762855436676725,0.7201463555616725,0.24626285145046467,2.3276450482238915,-0.19862665388429473,2019_calm,with_sentiment,19
with_sentiment_seed20,0.5866758093281161,0.6237254975124729,0.39914603231801443,1.4157511789934774,-0.30279679678884247,2019_calm,with_sentiment,20
with_sentiment_seed21,0.7111433112881671,0.757724083229067,0.20648839608784342,2.836135925555675,-0.07053683411521212,2019_calm,with_sentiment,21
with_sentiment_seed22,1.2746653174016953,1.370082049922436,0.228709532561571,3.893034232989214,-0.11021864098604518,2019_calm,with_sentiment,22
with_sentiment_seed23,1.8316738525179161,1.9829460046147718,0.2564820895017046,4.397194060719317,-0.1107012257428949,2019_calm,with_sentiment,23
with_sentiment_seed24,1.6132636438242485,1.7418417670807491,0.27979804884782483,3.750418393689141,-0.16125392603556485,2019_calm,with_sentiment,24
with_sentiment_seed25,1.7645108281669777,1.9087018698910128,0.2864663692853599,3.8767052140817655,-0.17949463036189195,2019_calm,with_sentiment,25
with_sentiment_seed26,0.1548582688926059,0.16320195302372076,0.2149938302801911,0.8107300626670041,-0.1404844056044722,2019_calm,with_sentiment,26
with_sentiment_seed27,1.1359948333379126,1.2186061256420286,0.238346296357711,3.467100318485439,-0.14582902832806358,2019_calm,with_sentiment,27
with_sentiment_seed28,1.4490953333148404,1.561273613092573,0.26698346913604426,3.6610311120855226,-0.08172679002608955,2019_calm,with_sentiment,28
with_sentiment_seed29,1.5752811548099341,1.7000131684814015,0.24102542170292532,4.248005674875739,-0.09320002235479102,2019_calm,with_sentiment,29
with_sentiment_seed30,1.080350163763923,1.1579593696602788,0.2251286509865214,3.5337298028588497,-0.11969639527770326,2019_calm,with_sentiment,30
with_sentiment_seed31,1.3364755637037504,1.4377507876269173,0.26506070690410627,3.4995018732224383,-0.18203572751029762,2019_calm,with_sentiment,31
with_sentiment_seed32,0.5885828108732338,0.6257746666113153,0.22269345748023156,2.2953128340075732,-0.1490347488438994,2019_calm,with_sentiment,32
with_sentiment_seed33,0.5682491545628612,0.6039314944614034,0.24031448096939556,2.08734879750859,-0.19614139249732818,2019_calm,with_sentiment,33
with_sentiment_seed34,1.0832073705071275,1.1610714635623545,0.26461903999975755,3.047411465511392,-0.10652652141844846,2019_calm,with_sentiment,34
with_sentiment_seed35,0.9106292278842938,0.9734913988980287,0.22467781030397307,3.1413418220997777,-0.09401412540523987,2019_calm,with_sentiment,35
with_sentiment_seed36,1.213217076410058,1.3029007066142215,0.2504193395536263,3.4608922683230925,-0.11784804669514672,2019_calm,with_sentiment,36
with_sentiment_seed37,1.0984247706531525,1.177649973947898,0.24262208139022018,3.332965708787799,-0.1402499199303207,2019_calm,with_sentiment,37
with_sentiment_seed38,1.3755492586111884,1.4805743135441567,0.25604447696846055,3.681606481930416,-0.15049758675505936,2019_calm,with_sentiment,38
with_sentiment_seed39,1.192680964483979,1.2804692400084416,0.3259822406379209,2.695653766525774,-0.12730370631013194,2019_calm,with_sentiment,39
with_sentiment_seed40,1.0832568376438774,1.1611253454690331,0.2450587627585218,3.2709249264894735,-0.14581162373515885,2019_calm,with_sentiment,40
with_sentiment_seed41,1.3967799370194984,1.5038572698334738,0.23920479439764986,3.9630641608172397,-0.08847737175083886,2019_calm,with_sentiment,41
with_sentiment_seed42,2.1688094886694107,2.3569195733334127,0.2843587816258441,4.409048659294643,-0.10664183565128031,2019_calm,with_sentiment,42
with_sentiment_seed43,1.3388174816911884,1.440316452466507,0.25442147631992573,3.638639785685527,-0.13405936704710394,2019_calm,with_sentiment,43
with_sentiment_seed44,0.5542115632558908,0.5888600397417685,0.25928499603310884,1.9169393478278653,-0.14992917660533037,2019_calm,with_sentiment,44
with_sentiment_seed45,0.8351722965936241,0.8917366891124092,0.24833395637815314,2.693874637102621,-0.1524041665896213,2019_calm,with_sentiment,45
with_sentiment_seed46,1.4456505293366195,1.557491027021336,0.28072407260043614,3.4901321900740347,-0.15932202408651613,2019_calm,with_sentiment,46
with_sentiment_seed47,1.3116995990801827,1.4106156269128634,0.22849037078432965,3.970821250280792,-0.13452288584188468,2019_calm,with_sentiment,47
with_sentiment_seed48,1.6201984223245232,1.749482057047338,0.27213630724745347,3.858502025325654,-0.12847167791554384,2019_calm,with_sentiment,48
with_sentiment_seed49,1.6383656219257112,1.769502288978078,0.29755536254888443,3.5776165381183174,-0.1387369579654951,2019_calm,with_sentiment,49
with_sentiment_seed50,1.3632482316195857,1.4670889532225138,0.24822316337287278,3.767857644145298,-0.15999714346929655,2019_calm,with_sentiment,50
with_sentiment_seed51,1.1296444539242025,1.2116808562550294,0.286026818846525,2.921095432098158,-0.19891376487756982,2019_calm,with_sentiment,51
with_sentiment_seed52,0.8762714152029658,0.9362456064029017,0.21815524208771944,3.1408693362190374,-0.08738074171943527,2019_calm,with_sentiment,52
with_sentiment_seed53,1.886878124317624,2.0440366155047274,0.2537920363761691,4.52122955646735,-0.12350004639766493,2019_calm,with_sentiment,53
with_sentiment_seed54,1.288040906727956,1.38471769338538,0.25954504745125356,3.4830799662420517,-0.1710044533728238,2019_calm,with_sentiment,54
with_sentiment_seed55,1.5549096652148244,1.6775915371449188,0.25407561931979056,4.009774726570042,-0.14947675610401082,2019_calm,with_sentiment,55
with_sentiment_seed56,2.1169381894099892,2.2992452459211257,0.25839917209414454,4.758110568215727,-0.09948511487193856,2019_calm,with_sentiment,56
with_sentiment_seed57,1.4394640492589512,1.55069859735376,0.2568545175161458,3.7797165514118887,-0.12384382192428607,2019_calm,with_sentiment,57
with_sentiment_seed58,1.3451325379944477,1.4472354891411547,0.2871702413125755,3.2637563240186616,-0.14240011544452996,2019_calm,with_sentiment,58
with_sentiment_seed59,0.7365208657983147,0.7851059863849736,0.24512412739660858,2.4890270688334826,-0.21845621846580124,2019_calm,with_sentiment,59
with_sentiment_seed60,1.382605435195408,1.4883114304731535,0.24564503416147712,3.839548756984124,-0.1723631589283506,2019_calm,with_sentiment,60
with_sentiment_seed61,0.6730530822999086,0.7166636312934422,0.22543807047545716,2.5123583624032193,-0.18016480572614516,2019_calm,with_sentiment,61
with_sentiment_seed62,1.765187635065777,1.9094495875689796,0.2546019930690586,4.329173232664751,-0.1076816676051885,2019_calm,with_sentiment,62
with_sentiment_seed63,1.6648156538327,1.7986625050469476,0.2752568516319609,3.8824904871547594,-0.13428386277779905,2019_calm,with_sentiment,63
with_sentiment_seed64,0.7234255047691867,0.7709738215445341,0.24007708303114356,2.5025193555664123,-0.16274265314769126,2019_calm,with_sentiment,64
with_sentiment_seed65,2.0730505628796507,2.2504851878680214,0.2714611178871983,4.4863188059704155,-0.11645302117177274,2019_calm,with_sentiment,65
with_sentiment_seed66,0.8248528433777189,0.8805688625200219,0.24457479914107644,2.7069761335535794,-0.14782362033767957,2019_calm,with_sentiment,66
with_sentiment_seed67,1.0252310522464239,1.0979653279968544,0.24753378587993166,3.120601777683668,-0.14948098514356878,2019_calm,with_sentiment,67
with_sentiment_seed68,0.7961902219580288,0.8495664724774259,0.21641333418458358,2.952648600159606,-0.14674353352922065,2019_calm,with_sentiment,68
no_sentiment_seed0,0.500690278862058,0.5314598756553732,0.25913851194737836,1.7755360537054055,-0.19950572809046244,2019_calm,no_sentiment,0
no_sentiment_seed1,0.785617297235566,0.8381366885181536,0.24114535582406457,2.6476328120858423,-0.12054318579337567,2019_calm,no_sentiment,1
no_sentiment_seed2,1.0596342209512088,1.1354017976825155,0.2936122490110383,2.7327716809295497,-0.10245257020240835,2019_calm,no_sentiment,2
no_sentiment_seed3,0.11659183683867091,0.12276578856772358,0.21903541613796682,0.638119190107629,-0.1561017343325436,2019_calm,no_sentiment,3
no_sentiment_seed4,1.2585200273990398,1.3524215180142094,0.26524145593514364,3.3619299165750522,-0.17225213336892034,2019_calm,no_sentiment,4
no_sentiment_seed5,0.007848545338088764,0.008242585592651341,0.3013555712818917,0.17950939505809824,-0.22704143821454867,2019_calm,no_sentiment,5
no_sentiment_seed6,1.4748087478839946,1.5895167503475598,0.24639154057859666,3.9910464800070358,-0.11268431187366902,2019_calm,no_sentiment,6
no_sentiment_seed7,1.7423127145432606,1.884183089064556,0.28001411921742886,3.929544939645021,-0.13865212932457113,2019_calm,no_sentiment,7
no_sentiment_seed8,0.9616679318024703,1.0288818973315834,0.31844981943996953,2.383063008687227,-0.14764290015660383,2019_calm,no_sentiment,8
no_sentiment_seed9,0.8686599970352784,0.9279989944149509,0.36448456433350856,1.98454420001756,-0.25917026694220535,2019_calm,no_sentiment,9
no_sentiment_seed10,1.507239716081691,1.6251592345127528,0.2736337164860902,3.6694872344872698,-0.14542526004383954,2019_calm,no_sentiment,10
no_sentiment_seed11,0.9003963652220699,0.9623948734581036,0.2475644308974747,2.850105739901694,-0.1759110261362479,2019_calm,no_sentiment,11
no_sentiment_seed12,0.9603385545750978,1.027438248880666,0.21869833688800117,3.3449766703797796,-0.13709245443295623,2019_calm,no_sentiment,12
no_sentiment_seed13,1.0507970307690275,1.1257824337856994,0.21809343656930824,3.5708471310638066,-0.09600605976146144,2019_calm,no_sentiment,13
no_sentiment_seed14,1.0605104876884086,1.1363557348033497,0.2283779772590638,3.4422453608375045,-0.08533397071346607,2019_calm,no_sentiment,14
no_sentiment_seed15,1.4106685254351135,1.5190939941703854,0.2715676542153066,3.5425411508324554,-0.19495161240716027,2019_calm,no_sentiment,15
no_sentiment_seed16,0.9351778018340706,1.0001239827004298,0.24616165276445803,2.9423070636968793,-0.1354914244181089,2019_calm,no_sentiment,16
no_sentiment_seed17,0.5753069403685633,0.6115116360291701,0.23200878139181727,2.1743075415248794,-0.19435749883136794,2019_calm,no_sentiment,17
no_sentiment_seed18,0.6800188266861031,0.7241690938284111,0.204836910280549,2.764345221851741,-0.16073712651809216,2019_calm,no_sentiment,18
no_sentiment_seed19,1.0557340094426246,1.131156126161018,0.23315646665600206,3.365886428629516,-0.09638655223944312,2019_calm,no_sentiment,19
no_sentiment_seed20,1.1795904365143342,1.2661760131417572,0.29856372903517203,2.892200122905035,-0.2048235075902357,2019_calm,no_sentiment,20
no_sentiment_seed21,0.6005046187534777,0.6385880314295695,0.21400797851501138,2.415169983991031,-0.12541281263757068,2019_calm,no_sentiment,21
no_sentiment_seed22,0.5089327374843924,0.5402931181711135,0.23484992745782715,1.958091140769423,-0.12447781807191727,2019_calm,no_sentiment,22
no_sentiment_seed23,1.004491724792568,1.075412753012515,0.23646034301909363,3.2103555173316107,-0.1165905038950415,2019_calm,no_sentiment,23
no_sentiment_seed24,1.3611141240180737,1.464749732129746,0.2607157457727382,3.595179497906282,-0.11692149454638852,2019_calm,no_sentiment,24
no_sentiment_seed25,1.8265652477740844,1.9772956700528779,0.2807722478663188,4.0328462343868745,-0.1146272678021781,2019_calm,no_sentiment,25
no_sentiment_seed26,1.0548944869561097,1.130242295882459,0.24372316334017227,3.22838070139776,-0.16841150428828583,2019_calm,no_sentiment,26
no_sentiment_seed27,1.2195286735670048,1.3097969202243656,0.24539896804847622,3.539116921307092,-0.13666816721661648,2019_calm,no_sentiment,27
no_sentiment_seed28,1.392254565461203,1.498893582267061,0.274655572213316,3.4768276346494953,-0.09980509879823961,2019_calm,no_sentiment,28
no_sentiment_seed29,0.8736630964833814,0.9334194275654477,0.2786941093879328,2.506991257672365,-0.15578378980400723,2019_calm,no_sentiment,29
no_sentiment_seed30,0.9933825844753195,1.0633371262336513,0.2559321854224849,2.9610179479784375,-0.10287555242035049,2019_calm,no_sentiment,30
no_sentiment_seed31,0.9692747712317351,1.037143548827618,0.23258508330054248,3.179001039078063,-0.10271041758888903,2019_calm,no_sentiment,31
no_sentiment_seed32,0.8921177237935334,0.9534196924605072,0.232140268092808,3.0034950831276497,-0.14122098542411135,2019_calm,no_sentiment,32
no_sentiment_seed33,1.3109272688737095,1.40976998741057,0.26875150881909227,3.411407087124234,-0.14209018627998335,2019_calm,no_sentiment,33
no_sentiment_seed34,1.2956431264208685,1.3930379924987513,0.26780823178830065,3.3962850985352926,-0.12424518582157654,2019_calm,no_sentiment,34
no_sentiment_seed35,1.083650125721015,1.1615537354153758,0.22873437507356387,3.4879801068143332,-0.11201545564124099,2019_calm,no_sentiment,35
no_sentiment_seed36,0.9436244366688522,1.009291598069637,0.2643684901921277,2.7742393586928524,-0.1398097054223598,2019_calm,no_sentiment,36
no_sentiment_seed37,1.4945232695278574,1.6111807624510317,0.25356296550439744,3.918004214851964,-0.13269565271567044,2019_calm,no_sentiment,37
no_sentiment_seed38,1.20392417074614,1.2927488289205527,0.2706872381302147,3.204899878292532,-0.1109633794857805,2019_calm,no_sentiment,38
no_sentiment_seed39,1.1376416381494034,1.2204021813576693,0.3016597222087375,2.7973426928989484,-0.1624235546152098,2019_calm,no_sentiment,39
no_sentiment_seed40,1.697492364661786,1.8347073859021363,0.2717046203779858,3.9769732681295262,-0.15256075846314018,2019_calm,no_sentiment,40
no_sentiment_seed41,0.31684530916296816,0.33509293923182093,0.22809196916611557,1.3810101031787403,-0.17549025919486932,2019_calm,no_sentiment,41
no_sentiment_seed42,1.0902111478909564,1.1687009397178718,0.2279992464134153,3.5129156622789592,-0.13462858227307226,2019_calm,no_sentiment,42
no_sentiment_seed43,0.9588429171484565,1.0258141072751,0.2675248482562811,2.7756571479637095,-0.18134727394375566,2019_calm,no_sentiment,43
no_sentiment_seed44,1.3271109534807857,1.4274927687704362,0.23729857172809923,3.8614441125163377,-0.0837479809770551,2019_calm,no_sentiment,44
no_sentiment_seed45,1.1073755344437135,1.187404143768945,0.29229887566382645,2.826852976778973,-0.19592073412383015,2019_calm,no_sentiment,45
no_sentiment_seed46,1.319107472002528,1.4187273692752527,0.2889408084599063,3.205289854321993,-0.1772709538495916,2019_calm,no_sentiment,46
no_sentiment_seed47,1.1206483146940958,1.201872078501641,0.2560056080296396,3.2149002968505798,-0.14340473257984912,2019_calm,no_sentiment,47
no_sentiment_seed48,1.0790638486131732,1.156558373995372,0.23028744412395527,3.4561271277298227,-0.09963707956845126,2019_calm,no_sentiment,48
no_sentiment_seed49,0.2872258735614279,0.3035794293853613,0.19847177209123829,1.4357527424300947,-0.13175094457069128,2019_calm,no_sentiment,49
no_sentiment_seed50,1.1265017150721315,1.2082539918644484,0.2651509637821556,3.124087392689648,-0.15243708187686972,2019_calm,no_sentiment,50
no_sentiment_seed51,2.018782718835794,2.1902406752659904,0.25857170529696477,4.624414939338992,-0.11877864514730274,2019_calm,no_sentiment,51
no_sentiment_seed52,1.7928815531053415,1.9400528913950632,0.28161803423107407,3.9775073940140144,-0.12215817913413729,2019_calm,no_sentiment,52
no_sentiment_seed53,0.8305020131501413,0.8866820666086022,0.2406076539624403,2.761183364296811,-0.14533902316442046,2019_calm,no_sentiment,53
no_sentiment_seed54,1.2064781446693789,1.2955386616642595,0.25907344313958103,3.3412231743792677,-0.12477621397623713,2019_calm,no_sentiment,54
no_sentiment_seed55,1.1431013065821407,1.22635715741714,0.2593037779737052,3.2201759975708306,-0.1511224115618374,2019_calm,no_sentiment,55
no_sentiment_seed56,1.5031611275344767,1.6206754852735794,0.2543259957963194,3.921303063605776,-0.12763573394962252,2019_calm,no_sentiment,56
no_sentiment_seed57,0.9125958889813892,0.9756243888957843,0.2196110191559372,3.2136983035421562,-0.09544953729314111,2019_calm,no_sentiment,57
no_sentiment_seed58,1.1397066490127088,1.2226544431521753,0.23206851756739755,3.56221076618663,-0.11407379341708263,2019_calm,no_sentiment,58
no_sentiment_seed59,0.9805063893531816,1.0493449231823617,0.2800191491265422,2.705194580084908,-0.17846173687705308,2019_calm,no_sentiment,59
no_sentiment_seed60,1.049024256592098,1.1238530018532389,0.23928814337226767,3.2714901403696386,-0.1163126437254762,2019_calm,no_sentiment,60
no_sentiment_seed61,0.6586038592114465,0.7010998455034221,0.2474650293274183,2.272838383226054,-0.20349557886793582,2019_calm,no_sentiment,61
no_sentiment_seed62,1.2291365136281578,1.3202965753462812,0.3172585893864267,2.8141120335601952,-0.16413220550777832,2019_calm,no_sentiment,62
no_sentiment_seed63,1.163809028191098,1.2489503877090629,0.2566897259712393,3.2896138442695664,-0.12771748955459816,2019_calm,no_sentiment,63
no_sentiment_seed64,0.5969882154382276,0.6348081606338225,0.36535589461863494,1.5291743021103519,-0.30151809161386345,2019_calm,no_sentiment,64
no_sentiment_seed65,1.9077462839197654,2.0671451906916376,0.2951248737566162,3.9513232065675217,-0.1406799279866727,2019_calm,no_sentiment,65
no_sentiment_seed66,0.24678099983338098,0.26060691193289376,0.23157262754092314,1.115675006140947,-0.19862635680933063,2019_calm,no_sentiment,66
no_sentiment_seed67,1.81993275757802,1.9699606151279525,0.25703526886870215,4.371465804939462,-0.08678260541120766,2019_calm,no_sentiment,67
no_sentiment_seed68,0.7411003294530509,0.7900492813286326,0.2098059646800233,2.882580854818705,-0.09871324482247949,2019_calm,no_sentiment,68
equal_weight,0.6815844310550203,0.6850700335596511,0.4066827435068902,1.4884616794832728,-0.28715911719306814,2020_volatile,equal_weight,
sp500,0.14555302644139,0.14617337901896632,0.3455545663254213,0.5686519833688197,-0.3392496000265329,2020_volatile,sp500,
equal_weight,0.5211510966574129,0.5262642568137772,0.21893946986818466,2.04216495423757,-0.16269647011127486,2019_calm,equal_weight,
sp500,0.2833671316533468,0.28593115890324805,0.1252055037220568,2.072052233735478,-0.06836108044673814,2019_calm,sp500,
