date,sentiment_score
2011-03-03,-1.0
2011-03-07,0.0
2011-03-08,-0.25
2011-03-09,0.0
2011-03-10,0.0
2011-03-15,-0.5
2011-03-16,-0.3333333333333333
2011-03-22,0.0
2011-03-23,0.0
2011-03-24,0.0
2011-03-25,0.0
2011-03-28,0.25
2011-03-29,0.0
2011-03-30,0.0
2011-04-04,0.0
2011-04-06,-1.0
2011-04-07,0.0
2011-04-08,0.0
2011-04-12,0.0
2011-04-14,0.0
2011-04-16,0.0
2011-04-18,0.0
2011-04-26,1.0
2011-04-27,0.0
2011-04-28,0.0
2011-04-29,0.0
2011-05-09,0.0
2011-05-10,0.0
2011-05-11,0.0
2011-05-12,-0.20202020202020204
2011-05-13,0.0
2011-05-16,0.0
2011-05-17,0.3333333333333333
2011-05-18,0.0
2011-05-23,0.0
2011-05-24,0.0
2011-05-26,0.0
2011-05-31,0.0
2011-06-01,-1.0
2011-06-02,-1.0
2011-06-09,0.3333333333333333
2011-06-15,0.0
2011-06-23,0.0
2011-06-27,0.0
2011-06-30,0.0
2011-07-05,0.0
2011-07-18,0.0
2011-07-19,0.0
2011-07-21,0.0
2011-07-26,0.0
2011-07-28,0.0
2011-08-01,0.0
2011-08-02,0.0
2011-08-03,0.0
2011-08-04,0.0
2011-08-07,0.0
2011-08-08,0.0
2011-08-10,0.0
2011-08-11,-0.09090909090909091
2011-08-12,0.05263157894736842
2011-08-15,0.0
2011-08-23,0.2
2011-08-26,0.0
2011-08-27,0.0
2011-08-31,0.0
2011-09-04,0.0
2011-09-06,0.0
2011-09-07,0.0
2011-09-08,0.0
2011-09-12,-1.0
2011-09-13,0.5
2011-09-14,0.0
2011-09-19,0.0
2011-09-20,0.0
2011-09-26,0.0
2011-09-28,1.0
2011-09-29,-1.0
2011-10-03,0.0
2011-10-05,0.0
2011-10-11,0.0
2011-10-13,0.0
2011-10-14,0.0
2011-10-20,0.0
2011-10-21,0.0
2011-10-27,0.0
2011-10-31,0.0
2011-11-01,-1.0
2011-11-03,0.0
2011-11-08,0.0
2011-11-10,-0.125
2011-11-11,0.21052631578947367
2011-11-14,0.0
2011-11-17,0.0
2011-11-21,0.0
2011-11-22,0.0
2011-11-28,0.0
2011-12-01,-0.3333333333333333
2011-12-12,-0.5
2011-12-14,0.0
2011-12-19,1.0
2011-12-22,0.0
2011-12-23,0.0
2012-01-05,0.0
2012-01-11,0.0
2012-01-17,0.0
2012-01-24,-0.5
2012-01-25,0.0
2012-02-06,1.0
2012-02-08,0.0
2012-02-12,0.0
2012-02-13,0.5
2012-02-15,0.0
2012-02-16,-0.6666666666666666
2012-02-22,0.0
2012-03-07,-1.0
2012-03-13,0.0
2012-04-02,0.0
2012-04-05,0.0
2012-04-13,0.0
2012-04-16,-1.0
2012-04-24,0.0
2012-05-06,0.0
2012-05-09,0.0
2012-05-11,0.25
2012-05-14,0.0
2012-05-15,0.0
2012-05-21,0.0
2012-05-25,0.0
2012-05-27,0.0
2012-05-29,0.0
2012-05-31,0.0
2012-06-04,0.0
2012-06-07,-0.3333333333333333
2012-06-11,0.17748917748917747
2012-06-13,0.0
2012-06-15,0.0
2012-06-19,0.3333333333333333
2012-06-20,0.0
2012-06-21,0.0
2012-06-25,0.0
2012-06-27,0.0
2012-06-28,0.0
2012-07-03,0.0
2012-07-10,0.5
2012-07-16,0.5
2012-07-18,1.0
2012-07-19,0.0
2012-07-31,0.0
2012-08-07,1.0
2012-08-08,0.0
2012-08-09,0.0
2012-08-10,0.36363636363636365
2012-08-13,0.0
2012-08-15,0.0
2012-08-21,0.0
2012-08-27,0.0
2012-09-04,0.0
2012-09-06,-0.5
2012-09-07,0.0
2012-09-13,0.16666666666666666
2012-09-25,0.0
2012-09-26,0.0
2012-09-28,0.0
2012-10-01,-1.0
2012-10-05,0.0
2012-10-10,0.0
2012-10-16,-1.0
2012-10-19,-0.6666666666666666
2012-10-23,0.0
2012-11-02,0.0
2012-11-05,0.0
2012-11-06,0.0
2012-11-07,0.3333333333333333
2012-11-08,0.0
2012-11-09,-0.3333333333333333
2012-11-18,0.0
2012-11-28,0.0
2012-12-05,-1.0
2012-12-11,0.0
2012-12-12,0.0
2012-12-14,0.0
2012-12-17,0.0
2012-12-19,0.0
2012-12-20,0.0
2012-12-26,0.0
2012-12-28,0.0
2013-01-03,0.0
2013-01-07,0.0
2013-01-09,0.0
2013-01-23,0.0
2013-01-28,0.0
2013-01-29,0.0
2013-02-01,0.0
2013-02-06,0.0
2013-02-12,0.0
2013-02-13,0.0
2013-02-14,-0.125
2013-02-15,0.0
2013-02-21,0.0
2013-02-27,0.0
2013-03-02,0.0
2013-03-04,0.0
2013-03-06,0.0
2013-03-07,1.0
2013-03-11,-0.5
2013-03-13,0.0
2013-03-14,0.0
2013-03-15,0.0
2013-03-18,0.0
2013-03-19,-0.25
2013-03-25,1.0
2013-03-26,1.0
2013-03-31,0.0
2013-04-01,0.0
2013-04-03,0.0
2013-04-10,0.0
2013-04-11,0.0
2013-04-16,0.0
2013-04-25,0.0
2013-04-26,0.0
2013-05-03,0.0
2013-05-09,0.0
2013-05-10,-0.5
2013-05-13,0.0
2013-05-14,0.0
2013-05-22,0.0
2013-05-23,0.0
2013-05-28,0.0
2013-06-04,1.0
2013-06-14,0.0
2013-06-18,-0.3333333333333333
2013-06-19,0.0
2013-06-26,-0.3333333333333333
2013-07-05,0.0
2013-07-11,0.0
2013-07-23,0.0
2013-07-24,0.0
2013-07-25,0.0
2013-07-31,-0.5
2013-08-01,0.0
2013-08-04,0.0
2013-08-06,0.0
2013-08-07,0.0
2013-08-08,0.0
2013-08-09,0.0
2013-08-12,0.0
2013-08-19,0.0
2013-08-21,0.0
2013-08-22,1.0
2013-08-27,0.0
2013-09-09,0.0
2013-09-12,0.0
2013-09-15,0.0
2013-09-16,0.0
2013-09-27,0.0
2013-10-09,0.0
2013-10-11,-0.6
2013-10-22,0.0
2013-10-26,0.0
2013-10-28,0.0
2013-11-07,0.0
2013-11-08,0.0
2013-11-13,0.0
2013-11-18,-0.6
2013-11-19,0.0
2013-11-26,0.0
2013-12-02,-1.0
2013-12-03,0.0
2013-12-11,0.0
2013-12-18,0.0
2014-01-09,-0.6666666666666666
2014-01-13,0.0
2014-01-14,0.0
2014-01-21,0.0
2014-02-03,0.0
2014-02-10,0.0
2014-02-12,0.0
2014-02-13,0.2222222222222222
2014-02-14,0.0
2014-02-21,0.0
2014-02-24,0.0
2014-03-19,0.0
2014-03-21,-0.5
2014-03-24,-0.4
2014-03-25,0.0
2014-04-01,0.25
2014-04-03,-0.5
2014-04-10,0.0
2014-04-11,0.0
2014-05-06,0.0
2014-05-07,0.0
2014-05-08,0.0
2014-05-19,0.3333333333333333
2014-05-28,0.0
2014-06-09,0.0
2014-06-19,-0.5
2014-06-23,-0.5
2014-07-17,0.0
2014-08-04,-0.5
2014-08-07,0.0
2014-08-08,0.07692307692307693
2014-08-09,0.0
2014-08-26,-0.3333333333333333
2014-10-02,0.0
2014-10-10,0.0
2014-10-13,0.0
2014-10-21,-0.3333333333333333
2014-10-22,0.0
2014-11-03,0.0
2014-11-04,0.0
2014-11-06,0.0
2014-11-07,0.0
2014-11-12,0.0
2014-11-19,-1.0
2014-11-21,1.0
2014-12-08,0.0
2014-12-19,-0.16666666666666666
2014-12-23,-1.0
2015-01-05,0.0
2015-01-06,0.0
2015-01-09,0.0
2015-01-23,0.0
2015-01-29,0.0
2015-02-08,0.0
2015-02-09,0.0
2015-02-11,0.0
2015-02-12,0.16666666666666666
2015-02-27,0.0
2015-03-05,0.0
2015-03-10,0.0
2015-03-12,0.0
2015-03-16,1.0
2015-03-17,0.0
2015-03-18,0.0
2015-03-19,0.0
2015-03-23,-1.0
2015-03-24,0.0
2015-03-30,0.0
2015-04-01,0.0
2015-04-06,0.0
2015-04-14,-1.0
2015-04-17,0.0
2015-05-01,0.0
2015-05-05,0.0
2015-05-06,0.0
2015-05-07,0.14285714285714285
2015-05-08,-0.2
2015-05-11,0.0
2015-05-14,0.0
2015-05-27,0.0
2015-05-28,0.0
2015-06-04,-1.0
2015-06-10,-1.0
2015-06-11,0.0
2015-06-12,0.0
2015-06-15,0.0
2015-06-17,0.0
2015-06-20,0.0
2015-06-29,0.0
2015-07-02,-0.5
2015-07-07,-1.0
2015-07-10,0.0
2015-07-17,0.0
2015-07-20,0.0
2015-07-29,0.0
2015-08-03,0.3739130434782608
2015-08-06,0.0
2015-08-07,-0.11188811188811189
2015-08-09,0.0
2015-08-11,0.5
2015-08-13,-0.6896551724137931
2015-08-21,0.0
2015-08-24,0.0
2015-08-26,0.0
2015-08-27,0.0
2015-09-01,0.0
2015-09-17,0.0
2015-09-23,0.8846153846153846
2015-09-25,0.0
2015-09-28,-1.0
2015-09-30,0.0
2015-10-01,0.0
2015-10-05,0.0
2015-10-09,-1.0
2015-10-12,0.0
2015-10-14,0.0
2015-10-16,0.0
2015-10-28,0.0
2015-10-30,0.0
2015-11-03,-1.0
2015-11-04,0.0
2015-11-05,-0.1
2015-11-06,0.0
2015-11-07,0.0
2015-11-13,0.0
2015-11-16,0.0
2015-11-30,0.0
2015-12-09,0.0
2015-12-14,0.0
2015-12-16,0.0
2015-12-17,0.0
2015-12-22,0.6666666666666666
2015-12-24,-0.5
2015-12-28,0.0
2015-12-29,0.0
2015-12-30,0.0
2016-01-05,0.5
2016-01-06,0.0
2016-01-13,0.0
2016-01-14,-0.75
2016-01-15,0.0
2016-01-19,0.0
2016-01-20,0.0
2016-01-21,0.0
2016-01-22,1.0
2016-02-05,0.0
2016-02-12,0.0
2016-02-17,0.1
2016-02-18,0.125
2016-02-19,0.0
2016-02-24,0.0
2016-02-29,0.0
2016-03-08,0.0
2016-03-14,0.0
2016-03-18,0.0
2016-03-21,0.0
2016-03-23,0.25
2016-03-24,0.0
2016-03-29,0.31746031746031744
2016-04-04,0.3333333333333333
2016-04-06,-0.6666666666666666
2016-04-08,0.0
2016-04-13,1.0
2016-04-27,0.0
2016-05-02,-1.0
2016-05-03,0.0
2016-05-12,0.0
2016-05-13,0.0
2016-05-16,0.0
2016-05-19,0.3333333333333333
2016-05-20,0.0
2016-05-26,0.0
2016-06-02,0.0
2016-06-03,0.0
2016-06-13,0.0
2016-06-14,0.0
2016-06-15,0.0
2016-06-16,0.0
2016-06-17,0.0
2016-06-20,0.0
2016-06-21,0.0
2016-06-27,1.0
2016-06-28,0.0
2016-07-06,0.0
2016-07-08,0.0
2016-07-11,1.0
2016-07-15,-0.5
2016-07-18,0.0
2016-07-19,0.5
2016-07-27,0.0
2016-08-04,0.0
2016-08-05,0.0
2016-08-07,0.0
2016-08-08,0.0
2016-08-09,0.0
2016-08-10,0.3333333333333333
2016-08-11,0.09090909090909091
2016-08-12,0.25
2016-08-15,0.0
2016-08-18,0.0
2016-08-19,-1.0
2016-08-24,0.0
2016-08-25,0.0
2016-09-01,1.0
2016-09-06,-1.0
2016-09-09,0.0
2016-09-13,-1.0
2016-09-15,1.0
2016-09-16,-0.25
2016-09-20,0.0
2016-09-22,0.0
2016-09-28,0.0
2016-09-29,0.0
2016-10-04,0.0
2016-10-05,0.0
2016-10-06,-0.3333333333333333
2016-10-07,0.0
2016-10-10,0.0
2016-10-13,0.0
2016-10-17,1.0
2016-10-20,0.5
2016-10-24,-0.5
2016-10-25,0.0
2016-10-27,0.0
2016-11-02,0.0
2016-11-04,0.0
2016-11-07,0.0
2016-11-10,0.14285714285714285
2016-11-11,0.0
2016-11-13,1.0
2016-11-14,-0.16666666666666666
2016-11-16,-0.25
2016-11-17,-1.0
2016-11-18,0.0
2016-11-22,0.0
2016-11-28,0.0
2016-11-30,0.0
2016-12-01,-1.0
2016-12-05,0.0
2016-12-06,0.0
2016-12-07,0.0
2016-12-08,0.0
2016-12-09,0.0
2016-12-10,0.0
2016-12-11,0.0
2016-12-12,-0.6666666666666666
2016-12-13,0.5
2016-12-14,-0.2
2016-12-15,-0.3333333333333333
2016-12-18,0.0
2016-12-19,0.0
2016-12-20,0.0
2016-12-22,1.0
2016-12-27,0.25
2016-12-28,0.01349325337331334
2016-12-29,-0.1111111111111111
2016-12-30,0.0
2017-01-02,0.5
2017-01-03,0.0
2017-01-04,0.0
2017-01-05,-0.525
2017-01-06,0.0
2017-01-09,0.2857142857142857
2017-01-10,-1.0
2017-01-11,0.0
2017-01-13,1.0
2017-01-18,1.0
2017-01-19,0.0
2017-01-23,0.0
2017-01-24,1.0
2017-01-27,0.0
2017-01-31,0.0
2017-02-03,-1.0
2017-02-05,0.0
2017-02-06,-0.5
2017-02-07,0.25
2017-02-08,-0.3333333333333333
2017-02-09,-0.1
2017-02-10,0.08205128205128205
2017-02-13,0.0
2017-02-14,0.0
2017-02-16,0.0
2017-02-22,-1.0
2017-02-23,-0.34444444444444444
2017-02-24,0.0
2017-02-26,0.0
2017-02-27,0.0
2017-02-28,0.0
2017-03-01,-0.2
2017-03-02,0.0
2017-03-03,0.0
2017-03-06,0.0
2017-03-07,0.0
2017-03-09,1.0
2017-03-10,0.0
2017-03-13,-0.20952380952380953
2017-03-14,0.0
2017-03-15,0.0
2017-03-16,0.0
2017-03-17,-0.5
2017-03-20,0.0
2017-03-21,0.0
2017-03-22,0.0
2017-03-23,-0.6666666666666666
2017-03-24,0.0
2017-03-30,0.0
2017-03-31,0.0
2017-04-03,0.0
2017-04-04,-0.5
2017-04-05,-1.0
2017-04-06,0.0
2017-04-07,0.0
2017-04-09,0.0
2017-04-10,0.0
2017-04-12,-1.0
2017-04-17,0.0
2017-05-01,0.0
2017-05-02,0.3333333333333333
2017-05-03,0.0
2017-05-08,0.0
2017-05-09,0.0
2017-05-10,-0.07142857142857142
2017-05-11,-0.2
2017-05-12,0.0
2017-05-13,-0.5
2017-05-16,-0.2
2017-05-17,-0.3333333333333333
2017-05-18,0.0
2017-05-19,0.25
2017-05-21,0.0
2017-05-22,0.3333333333333333
2017-05-23,0.0
2017-05-24,0.16666666666666666
2017-05-25,0.0
2017-05-26,0.0
2017-06-01,0.0
2017-06-02,0.0
2017-06-04,0.0
2017-06-05,-0.4583333333333333
2017-06-06,0.8333333333333333
2017-06-08,0.0
2017-06-09,0.05714285714285715
2017-06-12,0.5
2017-06-13,0.5802469135802469
2017-06-14,-0.125
2017-06-15,0.0
2017-06-16,0.3333333333333333
2017-06-19,0.0
2017-06-20,0.0
2017-06-21,0.3333333333333333
2017-06-22,0.0
2017-06-23,1.0
2017-06-26,0.0
2017-06-27,-0.25
2017-06-28,0.0
2017-07-05,0.5904761904761905
2017-07-06,0.5
2017-07-07,0.0
2017-07-10,0.2
2017-07-11,0.0
2017-07-12,0.2857142857142857
2017-07-13,0.3333333333333333
2017-07-17,0.0
2017-07-18,-0.5
2017-07-19,0.0
2017-07-20,0.0
2017-07-22,-1.0
2017-07-25,0.0
2017-07-27,0.0
2017-07-28,0.0
2017-07-31,0.0
2017-08-03,0.0
2017-08-07,-0.3333333333333333
2017-08-08,-0.25
2017-08-09,0.0
2017-08-10,0.09090909090909091
2017-08-11,-0.1111111111111111
2017-08-14,0.0
2017-08-15,0.0
2017-08-16,0.5
2017-08-17,-0.5
2017-08-19,0.0
2017-08-21,0.0
2017-08-24,1.0
2017-08-29,0.0
2017-08-30,0.0
2017-08-31,0.0
2017-09-06,0.0
2017-09-11,-1.0
2017-09-12,0.0
2017-09-13,0.0
2017-09-14,0.0
2017-09-15,0.14285714285714285
2017-09-18,-0.1111111111111111
2017-09-19,0.5
2017-09-20,0.0
2017-09-21,0.0
2017-09-22,0.0
2017-09-25,0.0
2017-09-26,-0.2
2017-09-27,0.0
2017-09-28,0.0
2017-09-29,0.0
2017-10-02,0.0
2017-10-03,1.0
2017-10-05,0.2
2017-10-09,0.3333333333333333
2017-10-10,0.0966183574879227
2017-10-11,-0.5
2017-10-12,0.14705882352941177
2017-10-16,1.0
2017-10-18,0.0
2017-10-19,0.0
2017-10-20,0.0
2017-10-22,1.0
2017-10-23,0.5
2017-10-24,0.0
2017-10-25,0.0
2017-10-26,0.0
2017-10-27,0.0
2017-10-30,0.0
2017-10-31,0.0
2017-11-06,0.0
2017-11-07,0.0
2017-11-08,-0.25
2017-11-09,-0.07142857142857142
2017-11-10,-0.23809523809523808
2017-11-13,-0.2857142857142857
2017-11-14,1.0
2017-11-16,0.0
2017-11-17,0.0
2017-11-21,0.0
2017-11-27,0.0
2017-11-28,-0.3333333333333333
2017-11-29,-0.5
2017-11-30,-0.25641025641025644
2017-12-01,0.0
2017-12-03,0.0
2017-12-04,0.16666666666666666
2017-12-05,-0.25
2017-12-07,0.0
2017-12-08,0.15806878306878308
2017-12-09,0.5
2017-12-11,0.0
2017-12-12,-0.16666666666666666
2017-12-13,-0.5
2017-12-15,0.0
2017-12-17,0.0
2017-12-19,1.0
2017-12-21,0.0
2017-12-22,-0.5
2017-12-23,0.0
2017-12-27,0.0
2017-12-28,0.5555555555555555
2017-12-30,0.0
2018-01-02,0.0
2018-01-03,-0.25
2018-01-04,0.5
2018-01-05,0.0
2018-01-06,0.0
2018-01-07,0.0
2018-01-08,0.125
2018-01-09,0.5
2018-01-10,0.0
2018-01-11,-1.0
2018-01-12,0.0
2018-01-14,0.0
2018-01-15,0.0
2018-01-16,0.0
2018-01-17,0.0
2018-01-19,0.0
2018-01-20,0.0
2018-01-22,0.0
2018-01-23,0.0
2018-01-24,0.0
2018-01-25,0.0
2018-01-26,0.0
2018-01-29,0.5
2018-01-31,0.0
2018-02-01,-0.22608695652173916
2018-02-02,-0.6203703703703703
2018-02-05,0.125
2018-02-06,-1.0
2018-02-07,0.0
2018-02-08,-0.04807692307692308
2018-02-09,-0.01410658307210031
2018-02-10,0.0
2018-02-12,0.0
2018-02-14,-0.3333333333333333
2018-02-15,-1.0
2018-02-16,0.0
2018-02-18,-1.0
2018-02-20,0.37037037037037035
2018-02-22,0.5
2018-02-24,-1.0
2018-02-25,0.0
2018-02-27,0.5
2018-03-06,0.0
2018-03-08,-0.3333333333333333
2018-03-12,0.0
2018-03-13,-0.4
2018-03-14,0.0
2018-03-19,0.5
2018-03-21,0.0
2018-03-23,1.0
2018-03-26,0.0
2018-03-27,-0.5
2018-03-28,0.3333333333333333
2018-04-01,0.0
2018-04-02,-0.3333333333333333
2018-04-03,-0.3333333333333333
2018-04-04,0.0
2018-04-05,-0.41052631578947363
2018-04-06,0.8695652173913043
2018-04-08,0.0
2018-04-09,0.0
2018-04-10,-0.25
2018-04-11,0.0
2018-04-13,-0.49382716049382713
2018-04-16,0.0
2018-04-18,0.0
2018-04-19,-0.6923076923076923
2018-04-20,0.0
2018-04-21,0.0
2018-04-22,0.0
2018-04-23,0.5
2018-04-25,0.0
2018-04-26,1.0
2018-04-27,-0.3333333333333333
2018-04-30,0.0
2018-05-01,0.0
2018-05-03,0.0
2018-05-04,0.0
2018-05-06,0.0
2018-05-07,0.0
2018-05-08,0.0
2018-05-09,-0.2702702702702703
2018-05-10,0.0
2018-05-11,0.14285714285714285
2018-05-14,0.0
2018-05-15,0.0
2018-05-16,0.0
2018-05-17,0.3333333333333333
2018-05-18,0.0
2018-05-20,0.0
2018-05-21,0.0
2018-05-22,0.0
2018-05-30,0.0
2018-05-31,1.0
2018-06-04,0.3333333333333333
2018-06-06,0.0
2018-06-07,0.0
2018-06-12,0.0
2018-06-13,0.0
2018-06-14,0.0
2018-06-18,0.0
2018-06-19,0.0
2018-06-25,0.0
2018-06-26,-0.25
2018-06-27,0.0
2018-06-28,0.0
2018-07-02,0.0
2018-07-05,0.0
2018-07-09,0.0
2018-07-12,-0.8333333333333333
2018-07-13,-0.46511627906976744
2018-07-17,0.0
2018-07-19,-0.5
2018-07-20,0.0
2018-07-22,0.0
2018-07-23,0.0
2018-07-25,0.3333333333333333
2018-07-26,-0.16666666666666666
2018-07-27,0.0
2018-07-29,0.0
2018-07-30,0.0
2018-07-31,0.16666666666666666
2018-08-01,-0.35119047619047616
2018-08-02,0.2298850574712644
2018-08-03,0.0
2018-08-05,0.0
2018-08-06,0.0
2018-08-07,0.0
2018-08-08,0.0
2018-08-10,0.0
2018-08-13,-0.16
2018-08-14,0.0
2018-08-15,0.09090909090909091
2018-08-16,-0.13888888888888887
2018-08-17,0.0
2018-08-18,0.0
2018-08-19,0.0
2018-08-20,0.1111111111111111
2018-08-21,0.0
2018-08-22,-0.16666666666666666
2018-08-23,-0.09216589861751152
2018-08-24,0.0
2018-08-25,0.0
2018-08-27,0.0
2018-08-28,-0.34615384615384615
2018-08-29,-0.28160919540229884
2018-08-30,-0.125
2018-08-31,0.0
2018-09-02,0.0
2018-09-03,0.0
2018-09-04,-0.16666666666666666
2018-09-05,-0.32196969696969696
2018-09-06,0.3125
2018-09-10,1.0
2018-09-11,0.0
2018-09-12,0.0
2018-09-13,-0.1851851851851852
2018-09-14,0.0
2018-09-18,0.5
2018-09-19,0.0
2018-09-20,-0.3333333333333333
2018-09-21,0.0
2018-09-24,0.0
2018-09-25,-0.2
2018-09-26,0.2
2018-09-27,0.5
2018-09-28,0.13605442176870747
2018-10-01,-0.25
2018-10-02,-0.25
2018-10-03,0.3333333333333333
2018-10-04,-0.5
2018-10-05,-0.25
2018-10-08,-0.45021645021645024
2018-10-09,-0.16666666666666666
2018-10-10,0.08571428571428572
2018-10-11,-0.3333333333333333
2018-10-12,0.6285714285714286
2018-10-15,-0.5
2018-10-16,0.0
2018-10-17,0.0
2018-10-18,0.0
2018-10-19,0.0
2018-10-22,-0.5
2018-10-23,-0.3333333333333333
2018-10-24,0.0
2018-10-25,-0.09090909090909091
2018-10-26,-0.3333333333333333
2018-10-28,0.0
2018-10-29,-0.25
2018-10-30,-0.25
2018-10-31,0.5
2018-11-01,0.0
2018-11-02,0.0
2018-11-04,0.0
2018-11-06,0.0
2018-11-07,0.21505376344086022
2018-11-08,-0.25
2018-11-09,-1.0
2018-11-12,-0.5
2018-11-13,0.15037593984962405
2018-11-14,0.0
2018-11-15,-0.02331002331002331
2018-11-16,-0.0625
2018-11-17,0.0
2018-11-19,0.0
2018-11-20,0.1111111111111111
2018-11-21,-0.125
2018-11-22,0.0
2018-11-26,-0.2222222222222222
2018-11-27,-0.14285714285714285
2018-11-28,-0.3333333333333333
2018-11-29,0.0
2018-11-30,0.0
2018-12-03,0.0
2018-12-04,0.25
2018-12-05,0.0
2018-12-06,-0.25
2018-12-07,0.0
2018-12-09,-0.9090909090909092
2018-12-10,0.5
2018-12-11,-0.3333333333333333
2018-12-12,0.03846153846153846
2018-12-13,0.375
2018-12-17,-0.5
2018-12-18,-0.14184397163120568
2018-12-19,-0.7142857142857142
2018-12-20,0.0
2018-12-23,-0.5
2018-12-24,-1.0
2018-12-26,0.0
2018-12-27,0.16666666666666666
2018-12-28,0.0
2018-12-30,0.0
2018-12-31,0.0
2019-01-02,-0.7380952380952381
2019-01-03,-0.25
2019-01-04,0.2
2019-01-06,0.0
2019-01-07,0.0
2019-01-08,-0.4
2019-01-09,0.0
2019-01-10,-0.5
2019-01-12,0.0
2019-01-14,-0.9047619047619048
2019-01-16,-0.5
2019-01-17,-0.25
2019-01-18,0.0
2019-01-22,-0.25
2019-01-23,0.0
2019-01-24,-0.20869565217391306
2019-01-25,0.25
2019-01-26,1.0
2019-01-28,-0.4393939393939394
2019-01-29,-0.5555555555555556
2019-01-30,0.18181818181818182
2019-01-31,-0.2
2019-02-01,1.0
2019-02-04,0.0
2019-02-05,0.14285714285714285
2019-02-06,0.5
2019-02-07,-0.6
2019-02-08,0.0
2019-02-11,-0.5
2019-02-12,-0.29411764705882354
2019-02-13,0.0
2019-02-14,-0.2727272727272727
2019-02-15,-0.0625
2019-02-19,0.3333333333333333
2019-02-20,0.25
2019-02-21,-0.25
2019-02-22,0.14285714285714285
2019-02-23,0.0
2019-02-25,0.0
2019-02-26,0.0
2019-02-28,0.0
2019-03-01,1.0
2019-03-04,-0.5
2019-03-05,-0.3333333333333333
2019-03-06,-0.5
2019-03-07,0.0
2019-03-08,0.0
2019-03-10,0.0
2019-03-11,0.0
2019-03-12,-0.14285714285714285
2019-03-13,0.0
2019-03-14,-0.4
2019-03-15,0.25
2019-03-19,0.06766917293233084
2019-03-20,-0.39090909090909093
2019-03-21,0.2777777777777778
2019-03-22,-0.5714285714285714
2019-03-25,-0.5
2019-03-26,0.0
2019-03-27,-0.5
2019-03-28,-0.3333333333333333
2019-03-29,0.0
2019-03-31,0.0
2019-04-01,0.39596273291925466
2019-04-02,0.5
2019-04-03,0.010101010101010121
2019-04-04,0.0
2019-04-05,0.0
2019-04-08,-0.3333333333333333
2019-04-09,0.0
2019-04-10,0.0
2019-04-11,0.0
2019-04-12,-1.0
2019-04-15,0.0
2019-04-16,0.3333333333333333
2019-04-17,-0.3333333333333333
2019-04-18,0.0
2019-04-19,0.0
2019-04-22,1.0
2019-04-23,0.13333333333333333
2019-04-24,0.5
2019-04-25,-0.3842364532019705
2019-04-26,-0.9166666666666666
2019-04-29,-0.36904761904761907
2019-04-30,-0.16273310023310023
2019-05-01,-0.2222222222222222
2019-05-02,-0.03333333333333335
2019-05-05,0.0
2019-05-06,-0.25
2019-05-07,-0.14285714285714285
2019-05-08,0.2
2019-05-09,-0.11111111111111112
2019-05-10,-0.6666666666666666
2019-05-13,-0.6051282051282051
2019-05-14,0.30303030303030304
2019-05-15,-0.22689075630252103
2019-05-16,-0.0670995670995671
2019-05-17,-0.5230769230769231
2019-05-18,0.0
2019-05-19,-1.0
2019-05-20,-0.5
2019-05-21,0.03846153846153846
2019-05-22,0.0
2019-05-23,0.06206896551724137
2019-05-24,-0.5
2019-05-27,0.0
2019-05-28,0.0
2019-05-29,-0.4696969696969697
2019-05-30,0.3333333333333333
2019-05-31,0.0
2019-06-01,-1.0
2019-06-02,-0.5
2019-06-03,-0.2
2019-06-04,-0.2
2019-06-05,0.0
2019-06-06,0.0
2019-06-07,-0.3333333333333333
2019-06-08,0.0
2019-06-10,-0.1728395061728395
2019-06-11,0.008168642951251647
2019-06-12,-0.3333333333333333
2019-06-13,0.0
2019-06-14,-0.75
2019-06-17,0.0
2019-06-18,0.2
2019-06-19,0.0
2019-06-20,-0.18181818181818182
2019-06-21,0.0
2019-06-24,-0.41358024691358025
2019-06-25,-1.0
2019-06-26,-0.2857142857142857
2019-06-27,0.008658008658008632
2019-07-01,-0.16666666666666666
2019-07-02,0.0
2019-07-05,0.0
2019-07-07,0.0
2019-07-08,0.0
2019-07-09,-0.14285714285714285
2019-07-11,0.0
2019-07-12,0.24086021505376345
2019-07-13,0.0
2019-07-15,-0.5
2019-07-16,-0.3167701863354037
2019-07-17,0.12820512820512822
2019-07-18,-0.3333333333333333
2019-07-19,-0.5
2019-07-21,0.0
2019-07-22,-0.1801801801801802
2019-07-23,-0.4
2019-07-24,-0.4646464646464647
2019-07-25,0.17407407407407408
2019-07-26,0.21043175891046073
2019-07-27,0.0
2019-07-28,-0.3333333333333333
2019-07-29,0.0
2019-07-30,0.0
2019-07-31,0.0
2019-08-01,-0.3333333333333333
2019-08-02,0.0
2019-08-05,-0.2040816326530612
2019-08-06,0.0
2019-08-07,0.0
2019-08-08,0.0
2019-08-09,-0.25
2019-08-11,-1.0
2019-08-12,0.0
2019-08-13,-0.394295415959253
2019-08-14,-0.8806787082649151
2019-08-15,0.125
2019-08-16,0.07017543859649122
2019-08-17,0.0
2019-08-19,-0.3280423280423281
2019-08-20,0.3333333333333333
2019-08-21,0.25
2019-08-22,-0.16
2019-08-23,-0.5518018018018018
2019-08-26,-0.26153846153846155
2019-08-27,-0.6
2019-08-28,0.0
2019-08-29,-0.125
2019-08-30,-0.5
2019-09-03,-0.4
2019-09-04,-0.5
2019-09-05,0.0
2019-09-06,-0.7236467236467237
2019-09-07,0.0
2019-09-09,-0.12987012987012989
2019-09-10,-0.3333333333333333
2019-09-11,0.0
2019-09-12,-0.16666666666666666
2019-09-13,-1.0
2019-09-15,0.0
2019-09-16,0.0
2019-09-18,0.0
2019-09-19,-0.3333333333333333
2019-09-20,0.0
2019-09-23,0.08914728682170543
2019-09-24,-0.11428571428571428
2019-09-25,0.5
2019-09-26,0.5
2019-09-27,-0.4081632653061224
2019-09-29,-1.0
2019-09-30,0.0
2019-10-01,0.0
2019-10-02,-0.3333333333333333
2019-10-03,0.4825581395348837
2019-10-04,0.0
2019-10-07,0.2644628099173554
2019-10-08,0.10416666666666667
2019-10-09,0.0
2019-10-10,-0.7564102564102564
2019-10-11,0.6666666666666666
2019-10-14,0.5
2019-10-15,0.06349206349206349
2019-10-16,0.25
2019-10-17,-0.20833333333333331
2019-10-18,1.0
2019-10-21,0.2
2019-10-22,0.6075268817204301
2019-10-23,-0.3538461538461538
2019-10-24,0.7702702702702703
2019-10-25,-0.2
2019-10-28,-0.058823529411764705
2019-10-29,-0.09090909090909091
2019-10-30,-0.3333333333333333
2019-10-31,0.0
2019-11-01,0.0
2019-11-03,0.0
2019-11-04,0.0
2019-11-05,0.0
2019-11-06,-0.030303030303030276
2019-11-07,-0.2077294685990338
2019-11-08,0.0
2019-11-11,0.0
2019-11-12,0.3181818181818182
2019-11-13,-0.2222222222222222
2019-11-14,0.03383458646616542
2019-11-15,0.13739039801967298
2019-11-17,0.0
2019-11-18,-0.16666666666666666
2019-11-19,0.0
2019-11-20,0.27777777777777773
2019-11-21,0.0
2019-11-25,0.0462962962962963
2019-11-26,0.0
2019-11-27,0.0
2019-11-29,0.0
2019-11-30,-1.0
2019-12-01,1.0
2019-12-02,-0.5
2019-12-03,-0.28804347826086957
2019-12-04,0.07165898617511521
2019-12-05,-0.5
2019-12-06,0.0
2019-12-08,0.3333333333333333
2019-12-09,-0.25
2019-12-10,-0.3115942028985507
2019-12-11,-0.5
2019-12-12,0.3333333333333333
2019-12-13,0.0
2019-12-16,-0.5
2019-12-17,0.0
2019-12-18,-0.31756756756756754
2019-12-19,-0.4
2019-12-20,-0.07657657657657657
2019-12-21,0.0
2019-12-23,0.0
2019-12-25,0.0
2019-12-26,-0.125
2019-12-27,0.0
2019-12-28,1.0
2019-12-30,-0.25
2019-12-31,-0.3333333333333333
2020-01-01,0.0
2020-01-02,0.5
2020-01-03,-0.5
2020-01-05,0.0
2020-01-06,0.0
2020-01-07,-0.5
2020-01-09,-0.2
2020-01-10,-0.04761904761904762
2020-01-13,-0.1351981351981352
2020-01-14,-0.25
2020-01-15,0.5
2020-01-16,0.2857142857142857
2020-01-17,0.1111111111111111
2020-01-18,0.0
2020-01-19,0.0
2020-01-20,-1.0
2020-01-21,-0.16666666666666666
2020-01-22,0.0
2020-01-23,0.0
2020-01-24,0.14492753623188406
2020-01-26,-0.6666666666666666
2020-01-27,-0.4462809917355372
2020-01-28,0.0
2020-01-29,-1.0
2020-01-30,-0.3333333333333333
2020-01-31,-0.28222996515679444
2020-02-02,-1.0
2020-02-03,-0.15789473684210525
2020-02-04,0.037944348289175873
2020-02-05,0.0
2020-02-06,-0.005291005291005297
2020-02-07,0.0
2020-02-10,0.11363636363636365
2020-02-11,-0.10421836228287842
2020-02-12,0.14285714285714285
2020-02-13,-0.037523452157598496
2020-02-14,0.20059134765017117
2020-02-18,-0.11447811447811448
2020-02-19,-0.12745098039215688
2020-02-20,-0.14588859416445624
2020-02-21,-0.4074074074074074
2020-02-24,-0.4444444444444444
2020-02-25,-0.12323232323232323
2020-02-26,0.2857142857142857
2020-02-27,-0.25
2020-02-28,0.05769230769230768
2020-03-02,0.0
2020-03-03,-0.0735294117647059
2020-03-04,0.16129032258064516
2020-03-05,-0.27272727272727276
2020-03-06,-0.3333333333333333
2020-03-09,-0.2
2020-03-10,-0.1111111111111111
2020-03-11,-0.16
2020-03-12,-0.8
2020-03-13,-0.15164861678531838
2020-03-14,0.0
2020-03-15,0.0
2020-03-16,-0.23703703703703702
2020-03-17,-0.13610586011342155
2020-03-18,-0.5
2020-03-19,-0.6075268817204301
2020-03-20,0.14285714285714285
2020-03-21,0.0
2020-03-23,-0.3076923076923077
2020-03-24,0.01847826086956522
2020-03-25,0.09286392619725953
2020-03-26,0.4
2020-03-27,-0.026610644257703077
2020-03-28,0.0
2020-03-29,0.0
2020-03-30,0.23809523809523808
2020-03-31,0.1
2020-04-01,-0.4959349593495935
2020-04-02,-0.2222222222222222
2020-04-03,-0.25
2020-04-04,0.0
2020-04-05,0.5
2020-04-06,0.0
2020-04-07,-0.5
2020-04-08,-0.15
2020-04-09,0.36363636363636365
2020-04-11,0.0
2020-04-12,1.0
2020-04-13,0.16666666666666666
2020-04-14,0.3333333333333333
2020-04-15,-0.2670807453416149
2020-04-16,0.11808910359634997
2020-04-17,-0.3333333333333333
2020-04-18,0.5
2020-04-19,0.0
2020-04-20,0.14285714285714285
2020-04-21,-0.25
2020-04-22,0.20383320383320383
2020-04-23,0.0
2020-04-24,-0.3952380952380953
2020-04-25,0.0
2020-04-26,0.0
2020-04-27,-0.11246519777265744
2020-04-28,-0.2081864473168821
2020-04-29,0.16521086689867276
2020-04-30,0.07458695825684414
2020-05-01,-0.017777231801622044
2020-05-02,0.0
2020-05-03,0.0
2020-05-04,0.07407407407407407
2020-05-05,0.027777777777777776
2020-05-06,-0.07231040564373897
2020-05-07,0.0
2020-05-08,-0.034482758620689655
2020-05-09,0.5
2020-05-10,0.0
2020-05-11,-0.13793103448275862
2020-05-12,0.09090909090909091
2020-05-13,-0.03333333333333333
2020-05-14,-0.14285714285714285
2020-05-15,-0.1346153846153846
2020-05-16,-0.5
2020-05-17,0.0
2020-05-18,0.07971014492753623
2020-05-19,0.4
2020-05-20,0.08
2020-05-21,0.02747252747252747
2020-05-22,0.09375
2020-05-23,0.0
2020-05-24,0.0
2020-05-25,0.0
2020-05-26,0.1875
2020-05-27,0.05002875215641173
2020-05-28,-0.20588235294117646
2020-05-29,0.0
2020-05-30,-0.09090909090909091
2020-05-31,-0.06666666666666667
2020-06-01,-0.3076923076923077
2020-06-02,-0.22727272727272727
2020-06-03,0.0
2020-06-04,-0.23809523809523808
2020-06-05,0.0
2020-06-06,0.0
2020-06-07,0.0
2020-06-08,0.1111111111111111
2020-06-09,-0.12037037037037039
2020-06-10,0.27205882352941174
